Jiří;0,063429634;319 593
Jan;0,058482967;294 669
Petr;0,053950506;271 832
Josef;0,051727443;260 631
Pavel;0,041168242;207 428
Jaroslav;0,040678617;204 961
Martin;0,035354261;178 134
Miroslav;0,033344554;168 008
Tomáš;0,032311319;162 802
František;0,030547912;153 917
Zdeněk;0,028579288;143 998
Václav;0,027960061;140 878
Karel;0,024369342;122 786
Milan;0,023319832;117 498
Michal;0,023103897;116 410
Vladimír;0,019609633;98 804
Lukáš;0,017063263;85 974
David;0,016736978;84 330
Ladislav;0,01663814;83 832
Jakub;0,015634278;78 774
Stanislav;0,014517885;73 149
Roman;0,01385559;69 812
Ondřej;0,011957423;60 248
Antonín;0,011887561;59 896
Radek;0,011248091;56 674
Marek;0,010804907;54 441
Daniel;0,009307848;46 898
Miloslav;0,008209713;41 365
Vojtěch;0,007681783;38 705
Jaromír;0,007042908;35 486
Filip;0,006808911;34 307
Ivan;0,00660806;33 295
Aleš;0,006417132;32 333
Libor;0,00617222;31 099
Oldřich;0,006110892;30 790
Rudolf;0,006032497;30 395
Vlastimil;0,005930483;29 881
Jindřich;0,005811996;29 284
Miloš;0,005696685;28 703
Adam;0,005567878;28 054
Lubomír;0,005505559;27 740
Patrik;0,004721007;23 787
Bohumil;0,004569177;23 022
Luboš;0,0045013;22 680
Robert;0,00446498;22 497
Matěj;0,004238129;21 354
Dominik;0,004145047;20 885
Radim;0,003730443;18 796
Richard;0,003642719;18 354
Ivo;0,003485134;17 560
Rostislav;0,003460127;17 434
Dušan;0,00321581;16 203
Luděk;0,003162223;15 933
Vladislav;0,003107644;15 658
Bohuslav;0,003088194;15 560
Alois;0,003031233;15 273
Vit;0,003001264;15 122
Vít;0,003001264;15 122
Štěpán;0,002952837;14 878
Kamil;0,002821053;14 214
Ján;0,00267617;13 484
Jozef;0,002653346;13 369
Zbyněk;0,002623575;13 219
Štefan;0,002371121;11 947
Viktor;0,002252436;11 349
Emil;0,002043249;10 295
Michael;0,002019234;10 174
Eduard;0,001977952;9 966
Vítězslav;0,001963266;9 892
Ludvík;0,001832474;9 233
René;0,001814215;9 141
Marcel;0,001774521;8 941
Peter;0,001619317;8 159
Dalibor;0,001613958;8 132
Radomír;0,00157486;7 935
Otakar;0,001548066;7 800
Bedřich;0,001491899;7 517
Šimon;0,001354558;6 825
Břetislav;0,001296605;6 533
Vilém;0,001291246;6 506
Vratislav;0,001269216;6 395
Matyáš;0,001193003;6 011
Radovan;0,001156286;5 826
Leoš;0,001143981;5 764
Marian;0,001114608;5 616
Igor;0,001091585;5 500
Přemysl;0,001076105;5 422
Bohumir;0,001060624;5 344
Bohumír;0,001060624;5 344
Alexandr;0,001051494;5 298
Kryštof;0,000986793;4 972
Otto;0,000970122;4 888
Arnošt;0,000962977;4 852
Svatopluk;0,000846078;4 263
Denis;0,000832979;4 197
Adolf;0,000831193;4 188
Hynek;0,00081988;4 131
Erik;0,000814323;4 103
Bronislav;0,000814124;4 102
Alexander;0,000794277;4 002
Tadeáš;0,000779987;3 930
Robin;0,000779789;3 929
Lumír;0,00076927;3 876
Evžen;0,000744263;3 750
Vlastislav;0,000702385;3 539
Juraj;0,000678569;3 419
Květoslav;0,000649989;3 275
Mojmír;0,000632127;3 185
Mykola;0,000630341;3 176
Pavol;0,000627959;3 164
Marián;0,000621608;3 132
Radoslav;0,000620616;3 127
Zdenek;0,00062002;3 124
Čestmír;0,000613868;3 093
Andrej;0,000587471;2 960
Tibor;0,000581716;2 931
Anton;0,000563258;2 838
Matouš;0,000563258;2 838
Slavomír;0,000553334;2 788
Mikuláš;0,000543014;2 736
Samuel;0,000520587;2 623
Drahomír;0,000502129;2 530
Julius;0,000479107;2 414
Boris;0,000465412;2 345
Leopold;0,000464817;2 342
Ota;0,000457275;2 304
Oto;0,000431077;2 172
Gustav;0,000427306;2 153
Bohdan;0,000410238;2 067
Bořivoj;0,000392177;1 976
Ondrej;0,000387215;1 951
Jonáš;0,00038404;1 935
Dan;0,000370742;1 868
Karol;0,000368757;1 858
Ferdinand;0,000343155;1 729
Emanuel;0,00033462;1 686
Nikolas;0,000327277;1 649
Erich;0,000319934;1 612
Viliam;0,000317949;1 602
Viliám;0,000317949;1 602
Leo;0,00031259;1 575
Čeněk;0,000302071;1 522
Gabriel;0,000300881;1 516
Cyril;0,000292743;1 475
Petro;0,000289766;1 460
Kristián;0,000288377;1 453
Lubor;0,000287186;1 447
Augustin;0,000285598;1 439
Radomil;0,000279843;1 410
Albert;0,000276072;1 391
Jáchym;0,000269522;1 358
Imrich;0,000266942;1 345
Ľubomír;0,000263965;1 330
Norbert;0,000257614;1 298
Drahoslav;0,000249477;1 257
Hubert;0,00024908;1 255
Róbert;0,000242729;1 223
Sebastian;0,000235187;1 185
Oleg;0,000233996;1 179
Juliús;0,000231218;1 165
Július;0,000231218;1 165
Jůlius;0,000231218;1 165
Oliver;0,000226057;1 139
Ervín;0,000222088;1 119
Gerhard;0,000215737;1 087
Walter;0,000211371;1 065
Tobiáš;0,000205615;1 036
Mario;0,000204821;1 032
Alan;0,000203432;1 025
Zoltán;0,000203035;1 023
Vasil;0,000201447;1 015
Ctibor;0,000196882;992
Alex;0,00019589;987
Oskar;0,00019331;974
Vladan;0,000192913;972
Alfred;0,000192119;968
Bruno;0,000188745;951
Nikola;0,000187356;944
Stepan;0,000185569;935
Gejza;0,000181997;917
Vojtech;0,000178623;900
Herbert;0,000175844;886
Vladimir;0,000170486;859
Ľudovít;0,000170287;858
Rastislav;0,000167112;842
Adrian;0,000165921;836
Artur;0,000161753;815
Zbyšek;0,00015957;804
Boleslav;0,000159371;803
Ruslan;0,000155997;786
Věroslav;0,000155402;783
Maxmilián;0,000155005;781
Radko;0,000155005;781
Roland;0,00015441;778
Nicolas;0,000153417;773
Ernest;0,000153219;772
Kevin;0,000153219;772
Prokop;0,000153219;772
Zděnek;0,000152822;770
Svatoslav;0,00015183;765
Ctirad;0,000150043;756
Milán;0,000149845;755
Helmut;0,000145677;734
Vincenc;0,000145082;731
Zdenko;0,000141906;715
Vítek;0,00013754;693
Blahoslav;0,000134364;677
Hung;0,000134364;677
Maxim;0,000134166;676
Dezider;0,000133967;675
Simon;0,000130593;658
Alexej;0,000127418;642
Koloman;0,000124838;629
Vincent;0,000124639;628
Radislav;0,00012325;621
Bogdan;0,000122853;619
Dobroslav;0,000119677;603
Edvard;0,000118487;597
Horst;0,000117891;594
Kurt;0,000116105;585
Eugen;0,000115906;584
Hugo;0,00011551;582
Ilja;0,000114517;577
Bořek;0,000113723;573
Mirko;0,000112731;568
Jarmil;0,000112136;565
Alojz;0,00011154;562
Andreas;0,000109952;554
Alfréd;0,000109555;552
Otta;0,00010638;536
Bartoloměj;0,000105388;531
Werner;0,000105189;530
Bernard;0,000103998;524
Tuan;0,000103601;522
Thomas;0,00010122;510
Leon;0,000101021;509
Teodor;9,82427E-05;495
Theodor;9,72503E-05;490
Manfred;9,70518E-05;489
Branislav;9,68534E-05;488
Valter;9,66549E-05;487
Metoděj;9,52656E-05;480
Anh;9,48687E-05;478
Mário;9,42733E-05;475
Otmar;9,40748E-05;474
Albín;9,38763E-05;473
Silvestr;9,36779E-05;472
Sebastián;9,30824E-05;469
Christian;9,08993E-05;458
Dung;8,87161E-05;447
Andrzej;8,83192E-05;445
Max;8,83192E-05;445
Valentin;8,81207E-05;444
Ignác;8,49452E-05;428
Patrick;8,39528E-05;423
Radan;8,31589E-05;419
Taras;8,09758E-05;408
Ľuboš;7,99834E-05;403
Milouš;7,99834E-05;403
Hanuš;7,89911E-05;398
Thanh;7,85941E-05;396
Arpád;7,81972E-05;394
Kristian;7,81972E-05;394
Son;7,6014E-05;383
Benjamin;7,48232E-05;377
Vlastimír;7,48232E-05;377
Marko;7,40293E-05;373
Stefan;7,40293E-05;373
Slavomil;7,38309E-05;372
Benedikt;7,3037E-05;368
Slavoj;7,24416E-05;365
Ludovít;7,20446E-05;363
Konstantin;7,16477E-05;361
Cuong;7,02584E-05;354
Alfons;7,00599E-05;353
Victor;6,98615E-05;352
Sergej;6,78768E-05;342
Felix;6,76783E-05;341
Blažej;6,74798E-05;340
Matej;6,70829E-05;338
Wolfgang;6,66859E-05;336
Česlav;6,64875E-05;335
Mirek;6,64875E-05;335
Matúš;6,6289E-05;334
Otomar;6,48997E-05;327
Andrei;6,47012E-05;326
Hai;6,47012E-05;326
Nikolaj;6,43043E-05;324
Zbigniew;6,43043E-05;324
Zdislav;6,41058E-05;323
Leonid;6,27165E-05;316
Marco;6,09303E-05;307
Valdemar;5,85487E-05;295
Heřman;5,81517E-05;293
Long;5,77548E-05;291
Thang;5,69609E-05;287
Bartolomej;5,6564E-05;285
Kazimír;5,55716E-05;280
Tom;5,53731E-05;279
Dalimil;5,51747E-05;278
Bohuš;5,45793E-05;275
Damián;5,39838E-05;272
Leonard;5,39838E-05;272
Klement;5,35869E-05;270
Pravoslav;5,35869E-05;270
Minh;5,33884E-05;269
Günter;5,319E-05;268
Otokar;5,319E-05;268
Krzysztof;5,29915E-05;267
Miloň;5,2793E-05;266
Heinz;5,16022E-05;260
Nam;5,14037E-05;259
Vendelín;5,12053E-05;258
Tobias;5,10068E-05;257
Piotr;5,08083E-05;256
Vadim;5,02129E-05;253
Edmund;4,9816E-05;251
Darek;4,90221E-05;247
Ervin;4,88236E-05;246
Osvald;4,88236E-05;246
Tomasz;4,86252E-05;245
Duc;4,80297E-05;242
Vilibald;4,80297E-05;242
Arnold;4,72359E-05;238
Maroš;4,70374E-05;237
Tung;4,68389E-05;236
Božetěch;4,66405E-05;235
Aladár;4,6045E-05;232
Dimitrij;4,56481E-05;230
Klaus;4,52512E-05;228
Dávid;4,38619E-05;221
Dennis;4,38619E-05;221
Mikoláš;4,38619E-05;221
Adrián;4,26711E-05;215
Ronald;4,26711E-05;215
Tadeusz;4,18772E-05;211
Attila;4,12818E-05;208
Horymír;4,08848E-05;206
Lev;4,08848E-05;206
Ryszard;4,08848E-05;206
Antonio;4,06864E-05;205
Elemír;4,06864E-05;205
Henryk;4,06864E-05;205
Janusz;4,04879E-05;204
Waldemar;4,02894E-05;203
Trung;3,9694E-05;200
Vasile;3,94955E-05;199
Binh;3,90986E-05;197
Jerzy;3,87017E-05;195
Mark;3,87017E-05;195
Zoran;3,77093E-05;190
Lukas;3,75108E-05;189
Huy;3,73124E-05;188
Tomislav;3,73124E-05;188
Jeroným;3,71139E-05;187
André;3,69154E-05;186
Slávek;3,6717E-05;185
Erhard;3,61215E-05;182
Jiljí;3,61215E-05;182
Ludevít;3,55261E-05;179
Artem;3,53277E-05;178
Dieter;3,53277E-05;178
Jurij;3,53277E-05;178
Emerich;3,51292E-05;177
Fedor;3,51292E-05;177
Alexandru;3,47323E-05;175
Quang;3,47323E-05;175
Egon;3,45338E-05;174
Gűnter;3,41368E-05;172
Rafael;3,41368E-05;172
Reinhold;3,41368E-05;172
Dobromil;3,39384E-05;171
Mohamed;3,39384E-05;171
Stanislaw;3,39384E-05;171
Paul;3,37399E-05;170
Evald;3,35414E-05;169
Reinhard;3,35414E-05;169
Hoang;3,3343E-05;168
Myron;3,31445E-05;167
Hieu;3,23506E-05;163
Nicolae;3,23506E-05;163
Jarolím;3,19537E-05;161
Denys;3,17552E-05;160
Franz;3,17552E-05;160
William;3,17552E-05;160
Tien;3,15567E-05;159
Augustín;3,13583E-05;158
Maxmilian;3,13583E-05;158
Aleksandar;3,11598E-05;157
Raimund;3,11598E-05;157
Verner;3,11598E-05;157
Svatomír;3,07629E-05;155
Viet;3,07629E-05;155
Ha;3,03659E-05;153
Dariusz;3,01674E-05;152
Vavřinec;3,01674E-05;152
Damian;2,9969E-05;151
Ivoš;2,9969E-05;151
Gheorghe;2,97705E-05;150
Benjamín;2,93736E-05;148
